{"accuracy": [0.69460129737854, 0.8945159912109375, 0.9378761053085327, 0.9571520090103149, 0.9668682217597961, 0.9745358824729919, 0.978519082069397, 0.9809374809265137, 0.984209418296814, 0.9857600331306458], "loss": [1.020700216293335, 0.32498738169670105, 0.19185549020767212, 0.1283636838197708, 0.09861266613006592, 0.07759655267000198, 0.06414780020713806, 0.05866049602627754, 0.0485893115401268, 0.044249918311834335], "val_accuracy": [0.8455497622489929, 0.9006943106651306, 0.9239699244499207, 0.941725492477417, 0.9305144548416138, 0.9402458667755127, 0.9522535800933838, 0.945538341999054, 0.9585704803466797, 0.9564648270606995], "val_loss": [0.4774436354637146, 0.29741451144218445, 0.23955227434635162, 0.19259537756443024, 0.2307559996843338, 0.19460172951221466, 0.1760946661233902, 0.17336654663085938, 0.14348247647285461, 0.17109964787960052]}